filename,text,label
001_beaee5fe.jpg,a large stone house with a large garage,rustic
001_d2c7428a.jpg,a white house with a large yard and trees,farmhouse
002_5ef9df19.jpg,a white house with a black roof and a black roof,farmhouse
002_8cdb5424.jpg,a stone house with a stone patio and a stone fire pit,rustic
002_a45d2d3c.jpg,a modern house with a lot of windows,modern
003_4600a7ff.jpg,a log home with a stone fireplace and a stone patio,rustic
003_bb4ea859.jpg,modern house design modern house design modern house design modern house design,modern
003_cfd2b5f1.jpg,a white house with a large front yard,farmhouse
004_7a46c013.jpg,a home with a driveway and a driveway leading to the front door,farmhouse
004_c3667694.jpg,a modern home with a large yard and a large lawn,modern
004_cabd9dfd.jpg,a large house with a stone driveway and a stone wall,rustic
005_86125b98.jpg,a modern house with a large driveway,modern
005_dbecd9c4.jpg,a white house with a black roof and a red door,farmhouse
005_eda52226.jpg,a house with a stone wall and a stone wall,rustic
006_221a0ab3.jpg,a modern house with a large deck and a large balcony,modern
006_6fd00887.jpg,a white house with a blue roof and a porch,farmhouse
006_ec7e3943.jpg,a stone walkway leads to a stone patio,rustic
007_64a3e2e9.jpg,a modern house with a large driveway,modern
007_97626a67.jpg,a white house with a black roof and a black door,farmhouse
007_f2954e4e.jpg,a brick house with a front yard and landscaping,rustic
008_52baff74.jpg,a white house with a tree in front,farmhouse
008_88b44079.jpg,a modern house with stairs leading up to the front door,modern
008_a0cf2e04.jpg,a large house with a stone front porch,rustic
009_91fd0193.jpg,modern house design with stone and glass,modern
009_f852438c.jpg,a large house with a stone facade and a stone fireplace,rustic
010_0e38a333.jpg,a white house with a black roof and a brown door,farmhouse
010_84618064.jpg,a large house with a stone entrance and stone walkway,rustic
011_a7b790e1.jpg,a modern home with a large backyard area,rustic
011_cc99985c.jpg,a large white house with a large yard,farmhouse
012_c7d62eff.jpg,a modern house with a large backyard area,modern
012_f438db3a.jpg,a stone house with a stone roof and a stone chimney,rustic
012_f54e5947.jpg,a white house with a black roof and a large driveway,farmhouse
013_5ad1bd48.jpg,a white house with a black roof and a black door,farmhouse
013_61a4ca3e.jpg,a modern house with a large driveway,modern
014_32b0d77e.jpg,a modern house with a lot of windows,modern
014_459a0075.jpg,a white house with a large front yard,farmhouse
014_716b3285.jpg,a house with a large tree in front of it,rustic
015_6216de41.jpg,modern house design with balcony and balcony,modern
015_8ba3a70c.jpg,a large white house,farmhouse
015_bbf52680.jpg,a house with a stream running through it,rustic
016_790f8b65.jpg,a house with a large front yard and a stone walkway,farmhouse
016_7a2d2615.jpg,a house with a large porch and a stone walkway,rustic
016_9184202f.jpg,modern home design modern home design in chicago,modern
017_0dfc2782.jpg,a white house with a black roof and a driveway,farmhouse
017_d780b748.jpg,a stone house with a wooden door and flowers,rustic
017_ffb23173.jpg,a modern house with a pool in the middle,modern
018_64add206.jpg,a white house with a black roof and a stone walkway,farmhouse
018_7868b4d7.jpg,modern house design modern house design in greece,modern
018_d675e0cc.jpg,a small cabin with a porch and a porch,rustic
019_4a59cf2f.jpg,a white house with black windows and a porch,farmhouse
019_61d9365b.jpg,modern house design modern house design in singapore,modern
020_616a995d.jpg,a white house with a large driveway,farmhouse
020_b90927d1.jpg,modern house plans in the philippines,modern
020_c8201633.jpg,a small cabin with a deck and a table on the outside,rustic
021_083b8fe4.jpg,modern house design in the philippines,modern
021_25ad37e4.jpg,a white house with a black door and windows,farmhouse
021_6cb715ac.jpg,a stone house with a stone chimney and a stone roof,rustic
022_51c78928.jpg,a white house with black trim and a black roof,farmhouse
022_f8c73e27.jpg,a house in the woods with a garage,rustic
023_5efdbc2d.jpg,a large house with a boat on the beach,rustic
023_ff0578c1.jpg,a modern house with a large backyard area,farmhouse
024_1c95c094.jpg,a white house with a metal roof and a porch,farmhouse
024_74f0858b.jpg,a modern house with a large driveway,modern
025_98e2a4db.jpg,a house with a large front yard and a driveway,farmhouse
025_bea784dd.jpg,a modern house with a large balcony and a balcony,modern
026_01045d0b.jpg,a house with a large window and a stone walkway,rustic
026_312b7c51.jpg,a modern house with a large lawn and a large lawn,modern
026_aad3b74a.jpg,a white house with a porch and a porch,farmhouse
027_07aeccc3.jpg,a stone house with a wooden front door,rustic
027_878521ed.jpg,a white house with a black roof and a black metal roof,farmhouse
028_23d1ff0d.jpg,a white house with a porch and a porch,farmhouse
028_955ddd2f.jpg,a modern house with a large front yard,modern
028_977e3b62.jpg,a house with a stone walkway leading to the front door,rustic
029_8907a574.jpg,a modern house with a large front yard,modern
029_e7108035.jpg,a large house with a stone facade,rustic
029_f686b27d.jpg,a large house with a large yard and a large lawn,farmhouse
030_216eaac9.jpg,a modern home with a large backyard area,farmhouse
030_9c171c4b.jpg,a large house with a stone facade,rustic
030_ee93de59.jpg,a modern house with a lot of windows,modern
031_a6f9a9fe.jpg,a white house with a gray roof and a gray roof,farmhouse
031_d4da03e3.jpg,modern house design modern house design philippines modern house design,modern
032_1fae6650.jpg,a stone house with a large patio and a stone fireplace,rustic
032_dc05842a.jpg,a white house with black shutters and a black door,farmhouse
033_45eb7ee2.jpg,a white house with black shutters and a porch,farmhouse
033_576a8f1c.jpg,a modern house with a large backyard area,modern
034_14736d98.jpg,a white house with a black roof and a black driveway,farmhouse
034_ad26fac6.jpg,a large house with a lot of windows and a lot of windows,rustic
035_6e7ff66b.jpg,a large house with a driveway and stone walls,rustic
035_7b4de4fd.jpg,a house with a porch and a patio,farmhouse
036_5236be5e.jpg,a white house with a large front yard,farmhouse
036_871efa8f.jpg,a rustic home with stone and wood,rustic
036_d8eb44e0.jpg,modern house design modern house design modern house design modern house design modern house design modern house design modern house,modern
037_142f03a5.jpg,a modern house with a large backyard area,modern
037_320160de.jpg,a house with a stone chimney,farmhouse
037_326d0815.jpg,a large house with a fire pit in the yard,rustic
038_044565c4.jpg,a black and white house with a porch,farmhouse
039_31ff85ea.jpg,a small house in the woods,rustic
039_dc83afc5.jpg,a white house with brick walkway leading to the front door,farmhouse
040_320b140b.jpg,a stone house with a large front porch,rustic
040_6ddfd3e7.jpg,a white house with a brick walkway and a brick walkway,farmhouse
041_9c259b38.jpg,a modern house with a stone wall and a large patio,modern
041_d7474487.jpg,a house with a large front yard and a driveway,farmhouse
042_06b56791.jpg,a large stone house with a large lawn,rustic
042_636dd3d3.jpg,a modern house with a large lawn and a large glass window,modern
042_eaa91528.jpg,a white house with a blue door and windows,farmhouse
043_0c48915e.jpg,a white house with a large front yard,farmhouse
044_12d72bf2.jpg,a modern house with a large deck and a wooden deck,modern
044_868201d6.jpg,a house with a large front door and a stone walkway,rustic
044_d4a75e1b.jpg,a white house with a black roof and a brown door,farmhouse
045_1fa1ef27.jpg,a white house with a blue door and a large tree,farmhouse
045_9fea1e51.jpg,a small cabin on a lake,rustic
045_e6f577e4.jpg,modern house design modern house design modern house design modern house design,modern
046_5041581c.jpg,a house with a lot of windows,modern
046_d5082f81.jpg,a modern home with a large yard and trees,farmhouse
047_0804d0bd.jpg,a white house with black windows and a driveway,farmhouse
047_9a90d884.jpg,a large house with a stone wall and a large porch,rustic
048_0a8b5dde.jpg,a white house with a wooden front door,farmhouse
048_682431f4.jpg,a modern house with a large driveway,modern
048_9f5d3f2c.jpg,a large house with a lot of windows,rustic
049_745f0b5c.jpg,a white house with a black door and windows,farmhouse
050_999633cb.jpg,a white house with a large front porch,farmhouse
050_ffb00e12.jpg,a house with a pond in front of it,modern
051_218135c5.jpg,a white house with a large front yard,farmhouse
051_68e96008.jpg,a modern house with a large front yard,modern
052_46fd81f7.jpg,a modern house with a stone facade,modern
052_618be4ac.jpg,a house with a white roof and a blue door,farmhouse
052_f4f97004.jpg,a stone patio with a stone walkway leading to the front door,rustic
053_12ecf892.jpg,a modern house with a large window and a small balcony,modern
053_16b5e17f.jpg,a white house with a blue roof and a gray door,farmhouse
053_9f014739.jpg,a large house with a stone chimney and a stone chimney,rustic
054_37cbf3d3.jpg,a modern house with a swimming pool,modern
054_7cb22ae6.jpg,a white house with a white roof and a white garage,farmhouse
055_55fbf3ef.jpg,a white house with a brown roof and a brown door,farmhouse
055_6622ba93.jpg,a small house with a porch and stairs,rustic
056_3336d3b9.jpg,a large house with a stone walkway leading to the front door,rustic
056_4e906b2c.jpg,a white house with a black roof and a black roof,farmhouse
056_944d8eb9.jpg,a house with a large yard and trees,modern
057_28786773.jpg,a large stone house with a stone chimney and a stone patio,rustic
057_5af3bcf0.jpg,a modern house with wood siding and a large front yard,modern
057_c04de70e.jpg,a white house with lights on the front,farmhouse
058_7f8c2954.jpg,a stone house with a large driveway,rustic
058_82ac2ff4.jpg,a small house with a front yard and a small garden,farmhouse
058_a50b945b.jpg,a house with a lot of windows,modern
059_3395ee16.jpg,a modern house with a stone wall and a large stone wall,modern
059_94fd029b.jpg,a white house with a metal roof,farmhouse
059_fc270a5f.jpg,a stone house with a red roof and a stone chimney,rustic
060_26c18ddf.jpg,a house with a stone wall and a stone pathway,rustic
060_8fb534d5.jpg,a white house with a black roof and a porch,farmhouse
061_0e8f4935.jpg,a white house with a large front yard,farmhouse
061_6d3934bf.jpg,a stone house with a pool and a stone patio,rustic
061_b65cd27e.jpg,a modern house with a large garden and a large garden area,modern
062_a5891b74.jpg,a white house with a large lawn and a large lawn,farmhouse
062_d080015e.jpg,a house with a lot of windows and a lot of windows,modern
063_15c6964c.jpg,a large stone house with a metal roof,rustic
063_71317d75.jpg,a small house with a porch and a porch,farmhouse
064_92590713.jpg,a modern house with a large balcony and a balcony,modern
064_eccb10c7.jpg,a white house with black windows and a large lawn,farmhouse
065_f9ad00a5.jpg,a white house with black shutters and a large tree,farmhouse
066_06e190f9.jpg,a white house with a porch and a porch,farmhouse
066_7daeb46e.jpg,a modern house with a large deck and a large patio,modern
067_525b5a32.jpg,a white house with black shutters and a black door,farmhouse
067_6de6b577.jpg,a house with a large yard and a large lawn,rustic
067_c93d4864.jpg,modern house plans in india modern house plans in india modern house plans in india modern house plans in india,modern
068_b5fe6a9b.jpg,modern house design modern house design modern house design modern house design modern house design modern house design modern house,modern
068_dc83e73a.jpg,a white house with a large yard and trees,farmhouse
069_3a6f2b43.jpg,modern house design modern house design modern house design modern house design modern house design modern house design modern house,modern
069_97ead5a1.jpg,a white house with a brick roof and a brick driveway,farmhouse
069_d3bedc1f.jpg,a small cabin with a porch and a porch,rustic
070_c85e7a99.jpg,a house with a tree in the front yard,farmhouse
071_101762a5.jpg,a house with a pool in the backyard,modern
071_bb7d7ce9.jpg,a white house with a black roof and a black door,farmhouse
072_e5903d16.jpg,a white house with a tree in front,farmhouse
073_3528262c.jpg,a white house with a porch and a porch,farmhouse
073_d9fb51c3.jpg,a modern house with a large driveway,modern
074_457187a3.jpg,a white house with a black roof and a large yard,farmhouse
075_7b7e25b1.jpg,a white house with a tree in the front yard,farmhouse
075_a9031600.jpg,a modern house with a balcony and balcony,modern
076_6e88ee84.jpg,a white house with a black door and windows,farmhouse
077_7688f758.jpg,a modern house with a large driveway,modern
077_983da0b1.jpg,a white house with a porch and a porch,farmhouse
077_fd3da9e2.jpg,a house with a stone facade,rustic
078_9e2d5f02.jpg,a white house with a large front yard,farmhouse
078_abdcd606.jpg,a modern house with a large deck and a large patio,modern
078_d09c7ede.jpg,a large stone patio with a stone walkway,rustic
079_3da41703.jpg,a large house with a large porch and a covered patio,rustic
079_9d8dd98b.jpg,a white house with a large lawn in front,farmhouse
079_ce956224.jpg,a modern house with a white fence and green grass,modern
080_1bdfee05.jpg,a large stone house with a stone driveway,rustic
080_7b525e50.jpg,a house with a large yard and a tree,farmhouse
081_156ea596.jpg,a large house with a lot of grass in front,rustic
081_21153085.jpg,a white house with brick driveway and brick driveway,farmhouse
082_3fcd524e.jpg,a white house with a black roof and a black door,farmhouse
082_40db5260.jpg,a log home with a stone walkway leading to the front door,rustic
083_1941f4a1.jpg,a large stone house with a stone roof,rustic
083_b149d914.jpg,a modern house with a lot of windows,modern
084_0ad0b5c6.jpg,a white house with black trim and windows,farmhouse
084_dae155bc.jpg,a modern house with a pool and a car parked in front,modern
085_387b3dd5.jpg,a white house with a large front yard,farmhouse
086_80f8f853.jpg,a large house with a lot of windows,rustic
086_b1b8130e.jpg,modern house design modern house design modern house design modern house,modern
086_ccca5411.jpg,a white house with a porch and a porch,farmhouse
087_1aeb9449.jpg,a white house with black roof and gray shining,farmhouse
087_24c73d10.jpg,a house with a driveway and trees in the background,rustic
087_61ec2396.jpg,a modern house with a large front yard,modern
088_09d0b4ac.jpg,a modern house with a large lawn in front,modern
088_7c0bcb40.jpg,a white house with a black roof and windows,farmhouse
088_925727df.jpg,a large stone patio with a fire pit,rustic
089_23d6d672.jpg,a house with a lot of windows and a lot of windows,modern
089_517b8ebc.jpg,a brick house with a stone front and a stone front,rustic
089_b5d6e563.jpg,a blue house with white trim and a gray roof,farmhouse
091_15591778.jpg,a white house with black awnings and a black awning,farmhouse
091_1e37e2fa.jpg,a large house with a lot of windows,rustic
092_0cd80084.jpg,a red house with a green roof and stairs,rustic
092_bf0fe7e9.jpg,a white house with black trim and a black roof,farmhouse
093_3f1b349c.jpg,a white house with a black door and windows,farmhouse
093_94e91f0f.jpg,modern house plans modern house plans modern house plans modern house plans modern house plans modern house plans modern house,modern
093_a5e0acc5.jpg,a large driveway with a stone walkway leading to the front door,rustic
094_02e7c712.jpg,a white house with a large front porch,farmhouse
094_0a543599.jpg,a house with a large front yard and a covered porch,rustic
094_c29b2dc0.jpg,modern house design modern house design modern house design modern house design modern house design modern house design modern house,modern
095_0a434ed3.jpg,a house with a stone front entrance and a stone walkway,rustic
095_3cbc2895.jpg,a modern house with a large front yard,modern
095_8a07badb.jpg,a white house with a tree in the front yard,farmhouse
096_0dc661af.jpg,a stone house with a porch and a porch,rustic
096_74e7337f.jpg,a white house with a large front yard,farmhouse
096_788887ff.jpg,modern house design modern house design modern house design,modern
097_41e7ad48.jpg,a large wooden house with a stone wall,rustic
097_b5aadef4.jpg,a house with a large front yard and a fenced in yard,farmhouse
098_b914588c.jpg,a white house with a large tree in the front yard,farmhouse
098_cff86baa.jpg,a small cabin with a porch and a patio,rustic
099_4b15f158.jpg,a white house with a brown roof and a brown roof,farmhouse
099_93ef5030.jpg,a stone house with a stone patio and a stone patio,rustic
100_b2a006af.jpg,a white house with a black roof and a black roof,farmhouse
101_667d300b.jpg,a white house with a large front yard,farmhouse
102_18dd749d.jpg,a modern house with a large front yard,modern
102_69735c86.jpg,a white house with a tree in the front yard,farmhouse
103_615e0fa4.jpg,a large stone house with a stone roof,rustic
103_cd0a617c.jpg,a white house with a black roof and a black door,farmhouse
103_e1440563.jpg,a modern house with a large lawn in front,modern
104_0b145adc.jpg,a modern house with a pool in the backyard,modern
104_56ced730.jpg,a white house with brick driveway and brick driveway,farmhouse
104_617fdb69.jpg,a house with a large front yard and a stone walkway,rustic
105_1c926771.jpg,modern house design modern house design modern house design modern house design modern house design modern house design modern house,modern
105_43e2cef2.jpg,a white house with black trim and windows,farmhouse
105_decde90f.jpg,a house with a stone front entrance and a stone walkway,rustic
106_253755c1.jpg,a stone house with a porch and a porch,rustic
106_b6cf2353.jpg,a white house with a large front porch,farmhouse
107_01540c65.jpg,a large house with a pool in the middle,rustic
107_f7dee4c7.jpg,a white house with a large tree in the front yard,farmhouse
108_0ee8f5fd.jpg,a white house with black awnings and a black awning,farmhouse
108_52017bd4.jpg,modern house design modern house design modern house design,modern
108_c76f77e2.jpg,a small cabin with a porch and a patio,rustic
109_4eafbe2a.jpg,a modern house with a pool in the backyard,modern
109_9fb25602.jpg,a small house with a stone wall and a metal roof,rustic
109_e1b4cdd0.jpg,a modern house with a stone wall and a stone walkway,farmhouse
110_27477db4.jpg,a white house with black trim and a black roof,farmhouse
110_e4ef5fba.jpg,a house with a lot of windows and a lot of windows,modern
111_1fc5ed6e.jpg,a modern house with a swimming pool,modern
111_eb12dcac.jpg,a white house with a black roof and a black roof,farmhouse
112_e6cb24b4.jpg,a modern house with a pool and a waterfall,modern
112_f21e8af7.jpg,a white house with black roof and gray shining,farmhouse
113_3b341645.jpg,a rendering of a modern house,modern
113_70069d9c.jpg,a white house with a black roof and windows,farmhouse
113_a877aa66.jpg,a red cabin with a green roof and stairs leading up to the front door,rustic
114_74c3329d.jpg,a modern house with a large garage,modern
114_d96902df.jpg,a white house with a black door and windows,farmhouse
114_dd2dcd98.jpg,a house with a stone front yard,rustic
115_32cb3529.jpg,a brick house with a stone front and a stone front,rustic
115_81eaa62f.jpg,a white house with a large front yard,farmhouse
115_bcdaf595.jpg,modern house design in the philippines,modern
116_32f01ef6.jpg,modern house plans modern house plans modern house plans modern house plans modern house plans modern house plans modern house,modern
117_d5ce16c2.jpg,a large house with a lot of windows,rustic
117_e3fa8b3e.jpg,a white house with black shutters and a black roof,farmhouse
118_8b40a003.jpg,a white house with a black roof and a black roof,farmhouse
118_d035210b.jpg,a brick house with a large front porch,rustic
120_129d96d7.jpg,a white house with a brown roof and a brown roof,farmhouse
121_62c24d44.jpg,a white house with a brick walkway leading to the front door,farmhouse
122_c18cd897.jpg,a white house with black roof and windows,farmhouse
122_ddafaefd.jpg,a house with a large yard and a large lawn,modern
122_e44a0cb3.jpg,a large stone house,rustic
123_aa386d79.jpg,a small cabin sits on the edge of a lake,rustic
123_d5fed066.jpg,a white house with a porch and a porch,farmhouse
124_2360e50d.jpg,a small cabin with a red door and windows,rustic
124_335423e9.jpg,a white house with a porch and a porch,farmhouse
125_4eba27a5.jpg,a small house with a lot of plants,modern
125_743047fb.jpg,a house with a driveway and trees in the background,rustic
125_b3f68f40.jpg,a white house with a large lawn and a large white house,farmhouse
126_7665fff2.jpg,a white house with a black door and windows,farmhouse
127_7cd6971f.jpg,a blue house with white trim and a gray roof,farmhouse
127_c0dc9de3.jpg,modern house design modern house design modern house design modern house design modern house design modern house design modern house,modern
128_269eef70.jpg,this modern house has a glass wall that wraps around the house,modern
128_841a4e49.jpg,a house with a stone facade and a red roof,rustic
128_e118cbab.jpg,a white house with a large front yard,farmhouse
129_05d9463b.jpg,a white house with a red door and a tree in the front yard,farmhouse
129_50e2e0b5.jpg,a stone house with a stone patio and a stone patio,rustic
129_eef5c8a1.jpg,a modern house with a large front yard,modern
130_1d93de4f.jpg,a house with a large yard and a tree,farmhouse
130_3436e91b.jpg,a large house with a stone and wood exterior,rustic
131_1251d4eb.jpg,a white house with a large front yard,farmhouse
131_c09d4a3f.jpg,modern house design modern house design modern house design modern house design modern house design modern house design modern house,modern
132_726321e8.jpg,a white house with a tree in the front yard,farmhouse
132_8e5fa493.jpg,a house on the lake,rustic
132_d0960f9b.jpg,modern house design modern house design modern house design,modern
133_5e84a551.jpg,modern house design modern house design modern house design,modern
133_91a1133a.jpg,a large driveway with a stone walkway leading to the front door,rustic
133_b0bd7fa7.jpg,a large white house with a large front yard,farmhouse
134_9ef8d394.jpg,a white house with a large front yard,farmhouse
134_d4b8c73f.jpg,modern house design modern house design modern house design modern house,modern
135_8c978f4e.jpg,a large stone patio with a fire pit,rustic
135_bc39d3d6.jpg,a white house with a large front yard,farmhouse
135_f800cb93.jpg,modern house plans modern house plans modern house plans modern house plans modern house plans modern house plans modern house,modern
136_976f1a71.jpg,a modern house with a pool and a large swimming pool,modern
136_9f1a39c1.jpg,a large house with a lot of windows,rustic
137_038f978a.jpg,a garage with a stone wall and two car garage doors,rustic
137_16e3cfb6.jpg,a house with a blue exterior and white trim,farmhouse
137_731ac830.jpg,modern house with a stone facade,modern
138_03bf52ae.jpg,a large wooden house with a stone wall,rustic
138_e3214308.jpg,a white house with a porch and a porch,farmhouse
139_38ae72c7.jpg,the house is lit up at night,rustic
139_4a2ee1c6.jpg,a white house with a black roof,farmhouse
140_d274ac2b.jpg,a house with a large front yard and a fenced in yard,farmhouse
141_965cfe04.jpg,a wooden house with a metal roof,rustic
141_c25d35de.jpg,a house with a large yard and a gravel path,farmhouse
142_12fc668a.jpg,a white house with a black roof and a driveway,farmhouse
142_a3bbdd3d.jpg,a log home in the snow,rustic
142_ca3ad033.jpg,modern house design with swimming pool,modern
143_606cf1bf.jpg,a log cabin with a stone chimney,rustic
143_95243588.jpg,a modern house with a large patio and a large patio,modern
143_9dcca86c.jpg,a house with a large front yard and a covered porch,farmhouse
144_cb90f7ea.jpg,a small house with a large porch and a small porch,farmhouse
145_681f5bdb.jpg,a white house with a driveway and trees in the background,farmhouse
145_96c82567.jpg,a house with a lot of windows and stairs,modern
146_0329359b.jpg,a black house with a large front porch,farmhouse
146_6d426e12.jpg,modern house design with two story house plans,modern
147_4fee2ee1.jpg,a white house with black roof and windows,farmhouse
147_579b3c29.jpg,a tree house with a deck and stairs,rustic
148_1d4c9050.jpg,a modern house with a large driveway,modern
148_63a4c8b9.jpg,a house with a stone wall and a large lawn,farmhouse
149_0d19bc77.jpg,a white house with a brown roof and a brown door,farmhouse
150_1454420c.jpg,a large house with a driveway leading to the front of the house,rustic
150_5242cddc.jpg,a white house with a brown door and windows,farmhouse
151_cffbc324.jpg,a white house with a gray door and windows,farmhouse
151_d0e35309.jpg,a stone house,rustic
151_ecd87a9c.jpg,a modern house with a large backyard area,modern
152_3e513879.jpg,a small house with a stone front and a stone front porch,rustic
152_adcaf5f9.jpg,a modern house with a wooden facade,modern
152_ee724dec.jpg,a gray house with a large yard and a large tree,farmhouse
153_67cb54f4.jpg,a white house with a black roof and a stone patio,farmhouse
153_acb5cd48.jpg,a white house with a car parked in front,modern
154_5d6e91c2.jpg,a white house with black shutters and a porch,farmhouse
154_6cb727c3.jpg,a house with cactus plants and cactus trees,modern
154_dc6f5bd3.jpg,a large house with a stone wall and a stone chimney,rustic
155_245ae247.jpg,a large house,rustic
155_732ad883.jpg,a modern house with a lot of windows,modern
155_ba0fd08c.jpg,a white house with black shutters and a gray roof,farmhouse
156_55935f6b.jpg,a house with a dock and a dock in the fore,rustic
156_c294592c.jpg,a house with a garden in front of it,farmhouse
157_6ebe0389.jpg,a house with a blue door and white trim,farmhouse
158_0e3358fe.jpg,a house in the woods with trees and bushes,rustic
158_9b01c349.jpg,a white house with a driveway and trees,farmhouse
158_ad389511.jpg,a modern house with a car parked in front,modern
159_7b4fd689.jpg,a large house with a stone driveway and a stone driveway,rustic
159_aaa4c973.jpg,a large house with a driveway and trees,farmhouse
159_f211f05e.jpg,a modern house with a lot of windows,modern
160_392e08da.jpg,mediterranean style home mediterranean style homes mediterranean style homes mediterranean style homes mediterranean style homes mediterranean style homes mediterranean style,rustic
160_e7d18d82.jpg,a white house with a brick walkway leading to the front door,farmhouse
161_1c9c1fd9.jpg,a modern house with a large lawn and a large glass wall,modern
161_ecee3bf9.jpg,a white house with a large driveway,farmhouse
162_d6cd40f4.jpg,a modern house with a balcony and balcony,modern
162_f003c15c.jpg,a white house with black roof and windows,farmhouse
163_4da51d31.jpg,modern house design philippines modern house design philippines modern house design philippines,modern
163_83960f4c.jpg,a white house with a red door and windows,farmhouse
163_de1fdac4.jpg,a large log home with a large porch,rustic
164_3efdfd73.jpg,a white house with a metal roof and a metal roof,farmhouse
164_45199ef9.jpg,a house in the woods,rustic
165_4491606e.jpg,a white house with a white picket fence,farmhouse
165_51dbbf0c.jpg,a modern house with a large front yard,modern
166_56582eec.jpg,a modern house with a large garden,modern
166_cb292a05.jpg,a black house with a gray roof and a black garage,farmhouse
167_65150acf.jpg,a large house with a stone facade,farmhouse
167_ddab6ace.jpg,a large house with a wooden fence around it,rustic
168_73a8fa29.jpg,a modern house surrounded by trees in the fall,modern
168_84d91ee2.jpg,a blue house with white trim and a white door,farmhouse
168_bbf12d12.jpg,a cabin in the woods,rustic
169_6d40c2d4.jpg,a black house with a large front porch,farmhouse
169_c93a813b.jpg,a row of modern houses,modern
170_fc064021.jpg,a white house with a large yard,farmhouse
171_18d3b628.jpg,a house with a stone front porch,rustic
171_6ec724ed.jpg,a white house with a large lawn in front,farmhouse
172_21f56ceb.jpg,a white house with a porch and a porch,farmhouse
172_f807dd8b.jpg,a stone house with a pool in the backyard,rustic
172_fb1c801f.jpg,a house with a car parked in front,modern
173_e9257949.jpg,a white house with a large yard and trees,farmhouse
174_4f73485f.jpg,a white house with black trim and a porch,farmhouse
174_55a7b3f9.jpg,a large stone building,rustic
175_9c8306c2.jpg,a pool with a lounge chair and a pool in the background,farmhouse
175_d61edc30.jpg,a large house with a stone roof and a large lawn,rustic
176_b6772afe.jpg,a white house with black windows and a brown door,farmhouse
177_3216f03e.jpg,a modern house with a large garden and a walkway,modern
177_4cc50260.jpg,a house with a lot of windows and a lot of windows,rustic
177_87458f86.jpg,a stone house with a metal roof,farmhouse
178_63fd8a7b.jpg,a house with blue flowers in the front yard,farmhouse
179_df3d3b6f.jpg,a black house with a metal roof,farmhouse
180_0d970579.jpg,a white house with a large lawn and a large tree,farmhouse
180_ea16e99b.jpg,a small cabin with a wooden door and a wooden deck,rustic
181_7a55eb4a.jpg,a house with a driveway leading to the front yard,farmhouse
181_946e11fb.jpg,a modern house with a lot of windows,modern
182_b43618bc.jpg,a stone house with a stone walkway leading to the front door,rustic
182_f4adbb8a.jpg,a rendering of a house with a driveway,farmhouse
183_6f0044bc.jpg,a white house with a glass door and a patio,farmhouse
183_d70e91a3.jpg,a modern house with a large driveway,modern
184_33cd0b2b.jpg,3d architectural renderings for a house,modern
184_4eb75826.jpg,a white house with a large front yard,farmhouse
184_ad1b48b8.jpg,a stone house with a stone walkway leading to the front door,rustic
185_b464ac6f.jpg,a small house with a small garden in front,farmhouse
186_464b5bb4.jpg,modern house design with a lot of windows,modern
186_864572c2.jpg,a large log cabin,rustic
186_ab31fc0e.jpg,a white house with brick walkway leading to the front door,farmhouse
187_5e1d2f23.jpg,a white house with a porch and a stone chimney,farmhouse
187_f9d3cf18.jpg,a large house with a lot of windows and a lot of snow,rustic
188_4095f779.jpg,a white house with a wooden deck and a black roof,farmhouse
188_9b067c58.jpg,a house with a garden and a lawn,rustic
189_04186645.jpg,a white house with a green roof and a green roof,farmhouse
190_48347536.jpg,a house with a tree in front of it,farmhouse
190_c9f886f6.jpg,a house with a large front yard and a stone wall,rustic
191_7d2fbde8.jpg,a white house with black trim and brick,farmhouse
192_f498f294.jpg,a white house with black shutters and shutters,farmhouse
193_01043c6c.jpg,a white house with a large lawn and a large patio,farmhouse
193_365009dc.jpg,a house with a stone driveway and a stone walkway,rustic
194_363587a4.jpg,a house with a large patio and a covered patio,farmhouse
194_a66427af.jpg,a house with a large porch and a stone walkway,rustic
195_2cbf9c98.jpg,a white house with a gray roof and a gray shin roof,farmhouse
195_61df0e7d.jpg,modern house design modern house design modern house design modern house design modern house design modern house design modern house,modern
196_4a29195b.jpg,a white house with a porch and a porch,farmhouse
196_95e8f791.jpg,a modern house with a large tree in the front yard,modern
196_9adb6d83.jpg,a stone house with a wooden door and a bench in front,rustic
197_3ef925ed.jpg,a house with a stone chimney and a chimney,rustic
197_bf820f75.jpg,a house with a gray roof and white trim,farmhouse
197_e5ae9352.jpg,a modern house with a large lawn,modern
198_7df0d8be.jpg,a house with a stone walkway leading to the front door,rustic
198_f47a6023.jpg,modern house design modern house design in australia modern house design,modern
199_70fa9331.jpg,a white house with a black roof and a red door,farmhouse
199_e4e5df84.jpg,a modern house with a large driveway,modern
200_626f6d06.jpg,modern house design in india,modern
200_83b314c6.jpg,a white house with a brick wall and a brick patio,farmhouse
201_936151d8.jpg,a house with a large front yard and a stone wall,rustic
201_cc5a22e4.jpg,a white house with a porch and a stone chimney,farmhouse
201_edbb9f6e.jpg,a modern house with a large driveway,modern
202_55578dea.jpg,a house with a stone driveway and a stone walkway,rustic
202_698495e0.jpg,a white house with a gray roof and a porch,farmhouse
202_9b6c0f24.jpg,modern house design modern house design in australia modern house design,modern
203_61a67782.jpg,a small house with a small garden in front,farmhouse
203_686226e0.jpg,a modern house with a large tree in the front yard,modern
204_365643ff.jpg,a house with a driveway leading to the front yard,farmhouse
204_c24a248a.jpg,a gray house with a black roof and a black metal roof,rustic
205_0ec9560b.jpg,a white house with black shutters and shutters,farmhouse
205_1859864e.jpg,a white house with a stone walkway leading to the front door,modern
206_08d285c6.jpg,a house with a large porch and a stone walkway,rustic
206_5d3cbf40.jpg,modern house design with swimming pool,modern
206_9b5a908f.jpg,a white house with a patio and a tree,farmhouse
207_e936bb5b.jpg,modern house design modern house design modern house design,modern
207_f1c7dfd0.jpg,a white house with a porch and a porch,farmhouse
208_65f115fd.jpg,a modern house with a large balcony and a balcony,modern
208_78b28f8b.jpg,a white house with a red brick walkway,farmhouse
209_9f2a9876.jpg,a white house with a brick wall and a brick patio,farmhouse
210_64c1c7d0.jpg,a white house with a large lawn and a large patio,farmhouse
210_80a1abd7.jpg,a modern house with a car parked in front,modern
211_83b24b4c.jpg,a house with a gray roof and white trim,farmhouse
212_97c8990b.jpg,a black house with a metal roof,farmhouse
212_aea88577.jpg,a modern house with a metal roof,rustic
212_af89d52d.jpg,modern house design modern house design modern house design modern house design modern house design modern house design modern house,modern
213_80e87065.jpg,a white house with a large front yard,farmhouse
214_50210ff7.jpg,a large white house with a driveway and a driveway,farmhouse
215_23b53307.jpg,a modern house with a large driveway,modern
215_612ef2d8.jpg,a white house with a green roof and a green roof,farmhouse
216_5e175dfa.jpg,a white house with a black roof and a red door,farmhouse
216_8570669c.jpg,a house with a stone chimney and a stone chimney,rustic
217_c0828350.jpg,a white house with a black door and a green lawn,farmhouse
217_e250b695.jpg,a modern house with a lot of windows,modern
219_d4a22bde.jpg,a house with a tree in front of it,farmhouse
220_22baf061.jpg,a house with a large patio and a covered patio,farmhouse
221_8dc6cf72.jpg,a gray house with a large front porch,farmhouse
221_cbdbfa68.jpg,a wooden cabin with a large patio and a fire pit,rustic
221_e5e753f7.jpg,a night view of a house with a balcony and balcony,modern
222_342c73f3.jpg,a large white house with a driveway and driveway,farmhouse
222_8f82cea2.jpg,a stone house with a wooden door and a bench in front,rustic
223_050dfa08.jpg,a modern house with a lot of space,modern
223_a8888399.jpg,a white house with a large lawn and a large tree,farmhouse
223_ad04fd37.jpg,a house with a stone chimney and a chimney,rustic
224_3642312f.jpg,a house with a large yard and trees,farmhouse
225_0b76cdf4.jpg,a white house with a large porch and a covered patio,farmhouse
225_25606f44.jpg,modern house design modern house design modern house design modern house design,modern
226_f2a512d9.jpg,a white house with a large lawn in front,farmhouse
227_03725725.jpg,this is an artist ' s rendering of these mediterranean home plans,rustic
227_33071f4b.jpg,a house with blue flowers in the front yard,farmhouse
228_13b2eb63.jpg,a white house with a glass door and a patio,farmhouse
229_c8c54b60.jpg,a modern house with a pool in the backyard,modern
229_f79304e9.jpg,a white house with a gray roof and a gray shin roof,farmhouse
230_4add03cc.jpg,a large house with a stone wall and a stone walkway,rustic
230_bedc7993.jpg,a large house with a lot of windows,farmhouse
231_6ca22a93.jpg,a white house with black trim and brick,farmhouse
232_ac0a05a9.jpg,a stone house with a metal roof,farmhouse
233_ca38f1ee.jpg,a white house with a large tree in the front yard,farmhouse
233_ceab4e67.jpg,a modern house with a large patio and a large garden,modern
234_25b7959b.jpg,a large house with a dock in front of it,rustic
234_d1da06e6.jpg,modern house design with a pool,modern
234_d36bf533.jpg,a rendering of a house with a driveway,farmhouse
235_9d901e22.jpg,a white house with a wooden deck and a black roof,farmhouse
236_1c4cda1e.jpg,a house with a tree in front of it,rustic
236_8b82502f.jpg,a white house with brick walkway leading to the front door,farmhouse
237_ae6605ad.jpg,a white house with a brown roof and a brown door,farmhouse
238_223f3e13.jpg,a white house with a black roof and a black roof,farmhouse
238_9fd0124a.jpg,modern house design modern house design modern house design modern house,modern
239_9448f80b.jpg,a white house with a porch and a porch,farmhouse
240_d8c2a566.jpg,a white house with a black roof and a brown door,farmhouse
241_0a49bf59.jpg,a white house with a black roof and a large lawn,farmhouse
242_4ac80375.jpg,a modern house with a pool and a large backyard,farmhouse
243_6a3aad07.jpg,a white house with a gray roof and a gray garage,farmhouse
244_6d833b6a.jpg,a stone house with a stone wall and a stone wall,farmhouse
244_81b4770c.jpg,a modern house with a large lawn and a car parked in the driveway,modern
245_1557cb25.jpg,a large house with a metal roof and a large glass window,farmhouse
245_579b3304.jpg,a modern house with a car parked in front,modern
247_7ebd437b.jpg,a large stone house with a large garage,farmhouse
248_3b23c037.jpg,a black house with a stone wall and glass windows,farmhouse
249_7f09b11b.jpg,a white house with a tree in the front yard,farmhouse
250_27aa4502.jpg,a large white house with a black roof,farmhouse
251_39ac24cf.jpg,a house with a stone front and a large front porch,farmhouse
251_a8ad17be.jpg,modern house design 3d renderings,modern
252_222859bd.jpg,a white house with black shutters and a black roof,farmhouse
253_4be9d181.jpg,a white house with a brown door and windows,farmhouse
254_1355cae0.jpg,a house in the woods,rustic
255_2b42df1c.jpg,a house lit up at night,modern
255_c44d1f35.jpg,a stone wall and a stone house,rustic
255_f3ded201.jpg,a white house with black shutters and a black roof,farmhouse
256_59b0d608.jpg,a white house with a white fence and grass,farmhouse
256_cddf3c8b.jpg,modern house design in india youtube youtube,modern
257_f1b4cd5b.jpg,a small yellow house with a porch and a porch,farmhouse
257_f69240b9.jpg,a large house with a tree in the front,rustic
258_560ea146.jpg,a white farmhouse with a red door and a red door,farmhouse
259_35cad61a.jpg,a white house with a black garage door,farmhouse
260_475e7e6d.jpg,a large house with a driveway and a driveway,farmhouse
260_ff34f4ba.jpg,a modern house with a large deck and a stone walkway,modern
261_627632e2.jpg,a white house with a black roof and a stone chimney,farmhouse
261_ccb6d637.jpg,a modern house with a brick facade,modern
262_3bf2da4e.jpg,a white house with a red door and a white fence,farmhouse
262_8a21b6d1.jpg,modern house design in the philippines,modern
263_8d51db64.jpg,a white house with a blue roof and palm trees,farmhouse
264_508dcd2c.jpg,a black house with a stone wall and a stone walkway,farmhouse
264_c9fcdd78.jpg,modern house design in the philippines,modern
265_58b20634.jpg,a white house with a red door and a green lawn,farmhouse
266_fc6db45e.jpg,a white house with a porch and a porch,farmhouse
267_4433e7a0.jpg,a white house with a black fence and a patio,farmhouse
268_3ad492b1.jpg,a white house with a pink sky in the background,farmhouse
269_8538c762.jpg,a white house with a porch and a porch,farmhouse
270_b478d734.jpg,a log cabin with a large front porch,rustic
270_f2840f7d.jpg,a small house with a flag on the front,farmhouse
271_ea60929b.jpg,a white house with a black garage,farmhouse
272_3262745c.jpg,modern house design in the philippines,modern
272_f37b894d.jpg,"the person plan, the cottages at spring creek",farmhouse
273_95a29a86.jpg,a large white house with a large tree in the front,farmhouse
274_7ce7d0c8.jpg,a modern house with a large yard and a large yard,farmhouse
275_a2bf8c5b.jpg,a home in the country with a large yard,farmhouse
276_c4db8cda.jpg,a white house with a porch and a patio,farmhouse
276_cd4080ea.jpg,modern house design in the philippines,modern
277_36ad4bbe.jpg,modern house design in the philippines,modern
277_401b6f77.jpg,a house on the water with a dock,farmhouse
278_069d12d8.jpg,a modern house with a large deck and a large patio,modern
278_a6f8ead0.jpg,a white house with a large front yard,farmhouse
279_0a7ee454.jpg,a modern house with a large driveway,modern
280_78fc43a1.jpg,modern house design in india,modern
280_8efc2963.jpg,a modern house with a large deck and a large patio,farmhouse
281_71c5d6c4.jpg,a white house with a large porch and a covered porch,farmhouse
282_d7259a74.jpg,a man is painting the exterior of a house,farmhouse
283_53d0daca.jpg,a black house with a stone walkway leading to the front door,farmhouse
284_1d326f0c.jpg,a white house with a large front yard,farmhouse
284_404c75b4.jpg,a brick house with a black garage door,rustic
285_4ebca4dd.jpg,a white house with a black roof and a black door,farmhouse
286_7b871e2d.jpg,a modern house with a lot of windows,modern
286_f530fec3.jpg,a white house with a large yard and a large lawn,farmhouse
287_3c9d1617.jpg,a modern house with a lot of windows,modern
287_7b48402b.jpg,a pool with a patio and a house in the background,farmhouse
288_b033fc98.jpg,a modern house with a metal roof,farmhouse
289_3f06743e.jpg,a house with a front yard and landscaping,farmhouse
289_6a6ec65c.jpg,a modern house with a large backyard area,modern
290_13009e8e.jpg,a modern house with a stone wall and a balcony,modern
290_e23ee2b6.jpg,a wooden house with a metal roof,farmhouse
291_87a33ca7.jpg,a street light,farmhouse
291_93109531.jpg,a house with a large lawn and a large glass door,modern
292_4b1685e4.jpg,a modern house with a large yard and trees,modern
292_6504a124.jpg,a white house with a large front yard,farmhouse
293_7bb557b8.jpg,a large house with a large yard and a large driveway,farmhouse
294_3260f65d.jpg,modern house design modern house design modern house design,modern
294_f336ba11.jpg,a house with a large driveway and a large driveway,farmhouse
295_604e062c.jpg,the property is on the market for £,farmhouse
295_cf4856da.jpg,a modern house with a pool in the front,modern
296_c6ed3f3f.jpg,a white house with a pool and a white house with a pool,farmhouse
297_e9c8dc5c.jpg,a white house with red shutters and a fence,farmhouse
298_ceace221.jpg,a small house with a porch and a porch,farmhouse
299_6f2be194.jpg,a large house with a driveway and a garage,farmhouse
300_1f008605.jpg,a white house with a black roof and a gray roof,farmhouse
301_3ae75cf5.jpg,a modern house with a large backyard area,modern
301_b73b9663.jpg,a white house with a metal roof and a metal roof,farmhouse
302_c4d073e7.jpg,a white house with a black roof and a black door,farmhouse
303_2412904d.jpg,a house with a large driveway and a large driveway,farmhouse
303_288622a0.jpg,a modern house with a lot of windows,modern
304_56934f95.jpg,a modern house with a car parked in front,modern
304_7774d253.jpg,the property is on the market for £,farmhouse
305_6dc17fbe.jpg,a white house with a large yard and a large lawn,farmhouse
305_b846ee7e.jpg,a modern house with a wooden deck and a large patio,modern
306_26da3db8.jpg,a black house with a stone walkway leading to the front door,farmhouse
307_013df7f7.jpg,a modern house with a large yard and a large lawn,modern
307_5d68bc0e.jpg,a house with a lot of windows and a lot of windows,farmhouse
308_194e157f.jpg,modern house design modern house design modern house design modern house,modern
308_7bbe87ad.jpg,a white house with a black roof and a gray roof,farmhouse
309_504d1fc0.jpg,a white house with a stone walkway leading to the front door,farmhouse
309_b3f1a9ec.jpg,modern house design in india,modern
310_10bdb154.jpg,modern house design modern house design modern house design,modern
310_279d4f2f.jpg,a white house with a large front yard,farmhouse
311_b10896e2.jpg,a white house with a blue door and green front door,farmhouse
312_a54097a4.jpg,a white house with black shutters,farmhouse
313_d13a4903.jpg,a large house with a large yard and a large driveway,farmhouse
314_29e1e62e.jpg,a white house with a porch and a porch,farmhouse
314_b662db80.jpg,mediterranean style house plans mediterranean style house plans mediterranean style homes mediterranean style homes mediterranean style homes mediterranean style homes,rustic
315_00e29993.jpg,a white house with black doors and windows,farmhouse
315_59373113.jpg,this modern house is built in the woods,modern
316_190fe77b.jpg,a house with a porch and a front porch,farmhouse
317_256ee017.jpg,a large house with a driveway and a garage,farmhouse
317_e2087386.jpg,a modern house with a pool in the front,modern
318_8eeda507.jpg,a modern house with a stone wall and a balcony,modern
318_bb9ae7ff.jpg,a stone house with a stone chimney and a stone patio,farmhouse
319_22c5a6c8.jpg,a house with a pool and a large backyard,farmhouse
320_c04fa01a.jpg,a rendering of a house with a driveway,farmhouse
321_5cf506ab.jpg,modern house plans modern house plans modern house plans modern house plans modern house plans modern house plans,modern
321_e6d367c5.jpg,a street light,farmhouse
322_afd3b5d4.jpg,a white house with a light on the front,farmhouse
323_8fe1ecc5.jpg,a house with a front yard and landscaping,farmhouse
324_b65d6469.jpg,a home in the woods with a white roof,farmhouse
325_8de90412.jpg,a white house with black windows and a lot of windows,farmhouse
326_9bf095c2.jpg,a home in the woods with a large yard,farmhouse
327_6b429c88.jpg,a white house with red shutters and a fence,farmhouse
328_5c3d419e.jpg,a small house with a porch and a porch,farmhouse
329_9995b296.jpg,a house with a wooden roof and a patio,modern
329_c7ded944.jpg,a pool with a patio and a house in the background,farmhouse
330_ce3240c7.jpg,a modern house with a swimming pool,modern
330_fdbec65a.jpg,a white house with a metal roof,farmhouse
331_377860bc.jpg,a house with a white picket and a green siding,farmhouse
332_d8654d65.jpg,a white house with a large front yard,farmhouse
334_096048ca.jpg,a modern house with a large glass wall,modern
334_493d0c20.jpg,a white house with trees in the background,farmhouse
335_234b830c.jpg,a modern house with a metal roof,farmhouse
336_8af43ef3.jpg,a white house with a pool and a black and white color scheme,farmhouse
336_f92dd1e1.jpg,a house with a glass wall and stairs leading up to the top floor,modern
337_0c97b88c.jpg,a wooden house with a metal roof,farmhouse
338_91aaae44.jpg,a house with a large balcony and a small garden,modern
338_ad39cc5d.jpg,a large house with a large yard and a stone patio,farmhouse
339_56fe58fd.jpg,a white house with a large lawn in front,farmhouse
339_c832b6cc.jpg,a black and white house with a glass window,modern
340_325aa844.jpg,a house with a stone wall and a large rock wall,farmhouse
340_ec354aac.jpg,modern house design in india,modern
341_6f2f4168.jpg,a modern house with a large backyard area,modern
341_8b91ebe9.jpg,a tiny house with a black door and windows,farmhouse
342_9ee8b214.jpg,a red house with a white porch and a white picket,farmhouse
343_354bff03.jpg,a white house with a black roof and a brown door,farmhouse
344_6c60f98b.jpg,a large pool in front of a house,modern
345_291849f5.jpg,a white house with black trim and a black garage,farmhouse
345_5b688cce.jpg,a modern house with a large lawn in front,modern
346_e98ba7a9.jpg,a white house with a black door and a white porch,farmhouse
347_751841af.jpg,modern home design modern house design kerala kerala,modern
347_e3edd904.jpg,a blue house with white trim and white trim,farmhouse
348_1d0c305a.jpg,a black house with a large tree in the yard,farmhouse
348_c8533d76.jpg,modern house design in india,modern
349_60f37449.jpg,a white house with a large tree in the front,farmhouse
350_ff091a99.jpg,a white house with black trim and windows,farmhouse
351_5d81cf4a.jpg,a small house with a deck and a large glass door,farmhouse
352_01e3345f.jpg,a large white house with a pool in the yard,farmhouse
352_a6c3229c.jpg,a modern house with a lot of windows,modern
353_003f4000.jpg,a white house with a driveway and a driveway,farmhouse
354_7379beea.jpg,a large black and white house with a large front yard,farmhouse
354_daff0be5.jpg,a modern house with a wooden fence and a wooden fence,modern
355_a1185a91.jpg,a house with a stone wall and a large front yard,farmhouse
356_10ad3053.jpg,a red house,farmhouse
356_efd8fc80.jpg,modern house design modern house design modern house design modern house,modern
357_27ab49c8.jpg,a house with a large lawn and a blue sky,farmhouse
358_26aafa1a.jpg,a black house with a stone front and a stone walkway,farmhouse
358_78f4d7c9.jpg,a small house with a lot of windows,modern
359_060ac293.jpg,a house on the water with a deck,modern
359_88d2e688.jpg,a large house with a stone facade,farmhouse
360_28ef686b.jpg,a stone house with a pool in the backyard,farmhouse
360_96bf2f72.jpg,modern house design modern house designs modern house designs,modern
361_6a54600d.jpg,a white house with a large yard and a fence,farmhouse
362_3049212d.jpg,a white house with a large balcony and a patio,farmhouse
362_e41ed84e.jpg,modern house design in india youtube youtube,modern
363_12412886.jpg,a white house with a porch and a porch,farmhouse
364_19668189.jpg,a house with a large courtyard and a large courtyard,modern
364_32ae330f.jpg,a white house with a large porch and a large patio,farmhouse
365_53a109f5.jpg,a modern house with a lot of space,modern
365_b3ec796e.jpg,a small house with a porch and a porch,farmhouse
366_08eff319.jpg,a white house with black trim and stone,farmhouse
366_6a85a605.jpg,modern house design modern house design in singapore,modern
367_43329686.jpg,the house is surrounded by a large lawn,farmhouse
367_e6f4bc5f.jpg,a house with a car parked in front of it,modern
368_20d72c3b.jpg,a house with a black door and windows,farmhouse
369_0626bcb5.jpg,a white house with a wooden fence and a gravel driveway,farmhouse
370_9b766187.jpg,modern house design with a contemporary style,modern
370_f6d6220c.jpg,a white house with a stone chimney,farmhouse
371_893ae863.jpg,a white house with a black door and a fence,farmhouse
372_396c03a6.jpg,a white house with a porch and a black door,farmhouse
373_ba472b9b.jpg,a white house with black shutters and a gray roof,farmhouse
373_fa8fd1cd.jpg,a modern house in the woods,modern
374_77df1653.jpg,a white house with a blue front door,farmhouse
375_45f9cdf9.jpg,a large house,farmhouse
376_3473d618.jpg,a white house with a large front yard,farmhouse
378_8983cba2.jpg,a white house with a porch and a porch,farmhouse
379_c6f67b35.jpg,modern house design in india,modern
379_cdc988a7.jpg,a large house with a lot of windows,farmhouse
380_05c909d1.jpg,a white house with a mountain in the background,farmhouse
380_816941b6.jpg,a large house with a large deck and a large lawn,modern
381_c7e81177.jpg,modern house design modern house design in the philippines modern house design,modern
381_f069d506.jpg,a black house with a large window,farmhouse
382_761139e9.jpg,modern house design modern house design modern house design modern house design,modern
382_baa9260f.jpg,a modern home with a stone facade,farmhouse
383_2e64dee6.jpg,a modern house with a large lawn and palm trees,modern
383_b5a6a7c8.jpg,a white house with brown roof and white trim,farmhouse
384_7bba4266.jpg,a red house in the snow,farmhouse
385_f31ff131.jpg,a house with two pictures of the same house,farmhouse
386_03e0eca7.jpg,small house design philippines,modern
386_83c9296a.jpg,a large house with a lot of windows,farmhouse
387_0b9e14a6.jpg,a gray house with white trim and a brown roof,farmhouse
388_aa0bd42a.jpg,a home in the country with a beautiful sunset,farmhouse
388_fbd9baa1.jpg,a modern house with a pool in the middle,modern
389_08eeac29.jpg,a house with a red door,farmhouse
390_11ee4c44.jpg,a large white house with a purple banner,modern
390_96bba0de.jpg,a porch with a stone walkway and a wooden door,farmhouse
391_70f32c5f.jpg,a house with a stone chimney,farmhouse
391_8115d430.jpg,modern house design in india,modern
392_9159d942.jpg,a black house with a white roof and a large window,farmhouse
392_b4ae8b3d.jpg,a house with a driveway and a driveway,modern
393_8f747113.jpg,a home with a driveway and a driveway,farmhouse
394_8fc176b2.jpg,a small house with a stone facade,modern
394_a57897a4.jpg,a large house with a wooden walkway leading to the front door,farmhouse
395_161d702a.jpg,a black house with a white roof and windows,farmhouse
395_471fbc61.jpg,modern house design modern house design in japan,modern
397_54b2527d.jpg,a black house with a large porch and a large porch,farmhouse
398_4735d67e.jpg,modern home design modern house design in india,modern
399_33c5d6dd.jpg,modern house with swimming pool,modern
400_8a0c8976.jpg,a red house with a tree in the yard,farmhouse
402_edb89d69.jpg,a rendering of a modern house,modern
403_4b601df4.jpg,a white house with a red door and a red door,farmhouse
403_e82c5ecc.jpg,modern house design modern house design modern house design,modern
404_9e722677.jpg,a large white house with two garages and a driveway,farmhouse
404_a4502075.jpg,modern home design modern house design in india,modern
405_8ace563c.jpg,a modern house with a lot of windows,modern
406_3c50af9c.jpg,a stone building with a staircase leading up to the front door,rustic
406_d1b9de5f.jpg,modern house design in india,modern
406_e5e906d6.jpg,a large house with a wooden walkway leading to the front door,farmhouse
409_a7fd8504.jpg,modern house design in india,modern
409_d7dc3872.jpg,a blue shipping container home with a deck,farmhouse
410_43ec7ac3.jpg,a house with a wooden facade on the side,modern
410_c797b13e.jpg,a before and after picture of a home,farmhouse
411_8dfd0fc1.jpg,a home in the country with a beautiful sunset,farmhouse
412_d19cdf5d.jpg,a modern house with a large yard and a stone wall,farmhouse
413_b223781c.jpg,small house design philippines,modern
414_ee23c62f.jpg,a home with a driveway and a driveway,farmhouse
415_4b0724cb.jpg,a porch with a stone walkway and a wooden door,farmhouse
416_287d298f.jpg,modern house design with a lot of space,modern
416_7fc4e8f6.jpg,a house with a red door,farmhouse
418_8033490c.jpg,a black and white house with a wooden deck,farmhouse
419_b4f308b3.jpg,a house with a stone chimney,farmhouse
420_2b853471.jpg,modern house with swimming pool,modern
420_dc34f8c6.jpg,a white picketed fence surrounds the front yard of a house,farmhouse
421_983fac27.jpg,a large swimming pool in front of a large building,modern
423_3f910695.jpg,a house with a glass wall and stairs leading up to the top floor,modern
424_48714127.jpg,a black house with a porch and a porch,farmhouse
425_f8d72d81.jpg,a black house with a metal roof and a stone walkway,farmhouse
426_306ff0f9.jpg,a black house with a large porch and a large porch,farmhouse
427_31f4d6f2.jpg,a modern house with a lot of windows,modern
428_5c14629a.jpg,a house with a large front porch and a covered porch,farmhouse
428_d2a99125.jpg,a house with a driveway and a fence,modern
429_2a2e0632.jpg,a red house with a tree in the yard,farmhouse
429_bd3086cc.jpg,modern house design modern house design in japan,modern
430_4e0ee28c.jpg,modern house design modern house design in india,modern
430_86c37bba.jpg,a large house with a driveway and trees,farmhouse
432_81c52798.jpg,a large white house with a purple banner,modern
433_5591b741.jpg,a house with a driveway and a driveway,modern
433_bbc9b081.jpg,a black and white house with a large front yard,farmhouse
435_32929f16.jpg,a white house with a large window and a small patio,modern
436_4fabd5bf.jpg,a black house with a white roof and windows,farmhouse
439_ac9a7940.jpg,a brick house with a large window and a small patio,farmhouse
439_cbec03f0.jpg,a modern apartment building with a lot of parking space,modern
440_7bcf9e9c.jpg,a small red shed with a white door and windows,farmhouse
441_56cba3a9.jpg,a modern house with glass walls and a large balcony,modern
441_c1205bad.jpg,a black house with a wooden front door,farmhouse
442_851fd59a.jpg,a house with a stone wall and trees in the background,farmhouse
442_b2367682.jpg,a modern house with a large balcony and a balcony,modern
443_c3788bc5.jpg,modern house design in india,modern
445_9322b45c.jpg,a large white house with a stone front,farmhouse
447_0ffa8cdd.jpg,a modern house with a lot of space,modern
447_96c74801.jpg,a house with a deck and a deck in the middle,farmhouse
448_7d868af0.jpg,a house with a large rock wall in front,farmhouse
448_fa94acf8.jpg,a modern house with a large backyard area,modern
449_60114100.jpg,a house with a driveway and garage,farmhouse
449_f4fc9f5c.jpg,a wooden deck with a couch and a table,modern
450_6da9c79f.jpg,a house with a porch and a porch cover,farmhouse
451_162695f0.jpg,a black house with a stone wall and a garage,farmhouse
451_1d0b956f.jpg,a small house with a porch and a porch,modern
453_d7b5d246.jpg,a large white house with a driveway and trees,farmhouse
454_3180c2dd.jpg,a house with a pool in the middle of the house,modern
454_5d952b2d.jpg,a house with a stone walkway leading to the front door,farmhouse
456_166b5464.jpg,a house with a stone front and a gray roof,farmhouse
456_fc7312d5.jpg,a house with a lot of grass and plants,modern
457_5e2e3a4d.jpg,a rendering of a modern house in india,modern
460_7096cd26.jpg,a stone wall with a white trim and black trim,farmhouse
462_2dcfa6ea.jpg,a modern house with a wooden facade,modern
463_a64fa3ef.jpg,a small cabin with a green roof and a green tin roof,farmhouse
465_fcc8719d.jpg,modern house with swimming pool and garden,modern
466_9d62b9e2.jpg,a house with a garage,farmhouse
466_b488daef.jpg,modern house design youtube youtube youtube,modern
467_1921a9eb.jpg,a modern house with a driveway and trees,modern
467_834e3436.jpg,a house being built in the process,farmhouse
468_7b15274a.jpg,modern house design in the philippines,modern
468_9b21b049.jpg,a gray house with white trim and a gray roof,farmhouse
469_1ad24162.jpg,a modern house with a lot of windows,modern
470_6e733604.jpg,a large house with a stone walkway leading to the front door,farmhouse
470_cdf04fed.jpg,a white house with a wooden fence on the front,modern
472_3b134648.jpg,modern house design in the philippines,modern
474_ebf934b6.jpg,modern house design in india,modern
476_018c324b.jpg,a house with a lot of windows and a lot of windows,modern
477_5cdcd6bf.jpg,modern house design modern house design modern house design modern house,modern
478_391a1d5b.jpg,a white house with a brown door,farmhouse
478_b9c722d9.jpg,a modern house with a lot of windows,modern
479_d0823ba7.jpg,a white building with balks on the top floor,modern
481_2d314672.jpg,a modern house with a driveway and gravel,modern
483_19142d94.jpg,a modern house with a modern design,modern
484_cd8219aa.jpg,a house with a white picket fence and a white picket,farmhouse
484_fbf31c35.jpg,modern house design modern house design modern house design modern house design,modern
485_1c18da79.jpg,a modern house with red and grey siding,modern
487_6af5bc71.jpg,a painting of a house in the woods,farmhouse
488_e0ddef54.jpg,the house is surrounded by trees and plants,modern
489_b14c8ff0.jpg,small house plans philippines small house plans philippines small house plans philippines,farmhouse
489_c01ef188.jpg,a rendering of a modern house,modern
491_88423045.jpg,3d front elevation elevation design,modern
493_2782a145.jpg,modern house design in india modern house design in india modern house design in india,modern
496_70895272.jpg,a modern house with a lot of windows,modern
499_9d474e01.jpg,a house with a yellow and white facade,modern
501_bcd7edcd.jpg,modern house design with a lot of space,modern
502_7bcfd88b.jpg,modern house plans in india youtube youtube for modern house plans in india,modern
502_8096e397.jpg,a white house,farmhouse
504_06424815.jpg,a modern house design with a lot of space,modern
506_b12a328d.jpg,a modern house with a lot of windows,modern
507_7d484885.jpg,a modern house design with a lot of space,modern
508_f213ab72.jpg,a rendering of a modern home,modern
509_209287ab.jpg,a house being built in the process of being built,modern
510_95629ee6.jpg,modern house design in india,modern
511_150e9942.jpg,a modern house with a large lawn in front,modern
516_8a0a07fe.jpg,modern house plans modern house plans modern house plans modern house plans modern house plans modern house plans modern house,modern
517_546048ea.jpg,a modern apartment building with a lot of parking space,modern
519_503dc573.jpg,a modern house with a lot of windows,modern
520_3358c520.jpg,a modern house with a lot of windows,modern
523_4d21f920.jpg,marno house for sale in dubai,modern
524_adfc8645.jpg,a black and white house with a glass window,modern
539_897f21ca.jpg,a house in the woods with a glass window,modern
541_a6d7cb8e.jpg,a modern house with a lot of space,modern
542_18b321be.jpg,a modern house with a balcony and balcony,modern
545_19e7ba20.jpg,modern house design in kerala kerala kerala,modern
548_8521f303.jpg,a modern house with a pool and a large swimming pool,modern
549_327d20bb.jpg,a small pool with a wooden deck and a wooden deck,modern
553_f514f73f.jpg,modern house design in kerala kerala kerala,modern
