filename,true,text,image,multimodal
290_13009e8e.jpg,modern,modern,modern,modern
093_94e91f0f.jpg,modern,farmhouse,modern,modern
403_e82c5ecc.jpg,modern,modern,modern,modern
135_f800cb93.jpg,modern,modern,modern,modern
256_cddf3c8b.jpg,modern,modern,modern,modern
088_09d0b4ac.jpg,modern,modern,modern,modern
523_4d21f920.jpg,modern,modern,modern,modern
326_9bf095c2.jpg,farmhouse,rustic,rustic,rustic
021_25ad37e4.jpg,farmhouse,farmhouse,farmhouse,farmhouse
125_b3f68f40.jpg,farmhouse,farmhouse,farmhouse,farmhouse
220_22baf061.jpg,farmhouse,farmhouse,farmhouse,farmhouse
157_6ebe0389.jpg,farmhouse,farmhouse,farmhouse,farmhouse
141_c25d35de.jpg,farmhouse,rustic,rustic,rustic
390_96bba0de.jpg,farmhouse,rustic,farmhouse,farmhouse
067_6de6b577.jpg,rustic,rustic,rustic,rustic
092_0cd80084.jpg,rustic,rustic,rustic,rustic
168_bbf12d12.jpg,rustic,rustic,rustic,rustic
002_8cdb5424.jpg,rustic,rustic,rustic,rustic
128_841a4e49.jpg,rustic,rustic,rustic,rustic
158_0e3358fe.jpg,rustic,rustic,rustic,rustic
