filename,true,text_pred,image_pred,multimodal_pred
035_6e7ff66b.jpg,rustic,rustic,rustic,rustic
056_3336d3b9.jpg,rustic,rustic,rustic,rustic
089_517b8ebc.jpg,rustic,rustic,rustic,rustic
097_41e7ad48.jpg,rustic,rustic,rustic,rustic
286_f530fec3.jpg,farmhouse,farmhouse,farmhouse,farmhouse
053_12ecf892.jpg,modern,modern,modern,modern
179_df3d3b6f.jpg,farmhouse,rustic,modern,modern
392_9159d942.jpg,farmhouse,modern,modern,modern
415_4b0724cb.jpg,farmhouse,rustic,farmhouse,farmhouse
024_74f0858b.jpg,modern,modern,modern,modern
047_9a90d884.jpg,rustic,rustic,rustic,rustic
186_864572c2.jpg,rustic,rustic,rustic,rustic
280_8efc2963.jpg,farmhouse,modern,modern,modern
148_1d4c9050.jpg,modern,modern,modern,modern
058_a50b945b.jpg,modern,modern,modern,modern
009_f852438c.jpg,rustic,rustic,rustic,rustic
347_751841af.jpg,modern,modern,modern,modern
007_64a3e2e9.jpg,modern,modern,modern,modern
489_b14c8ff0.jpg,farmhouse,farmhouse,modern,modern
095_0a434ed3.jpg,rustic,rustic,rustic,rustic
466_9d62b9e2.jpg,farmhouse,rustic,modern,modern
456_fc7312d5.jpg,modern,modern,modern,modern
094_0a543599.jpg,rustic,rustic,farmhouse,farmhouse
196_95e8f791.jpg,modern,modern,modern,modern
236_8b82502f.jpg,farmhouse,farmhouse,farmhouse,modern
029_e7108035.jpg,rustic,rustic,rustic,rustic
177_4cc50260.jpg,rustic,rustic,farmhouse,rustic
011_cc99985c.jpg,farmhouse,farmhouse,modern,modern
099_4b15f158.jpg,farmhouse,farmhouse,farmhouse,farmhouse
086_b1b8130e.jpg,modern,modern,modern,modern
095_3cbc2895.jpg,modern,modern,modern,modern
251_a8ad17be.jpg,modern,modern,modern,modern
124_335423e9.jpg,farmhouse,farmhouse,farmhouse,farmhouse
206_08d285c6.jpg,rustic,rustic,rustic,rustic
206_9b5a908f.jpg,farmhouse,farmhouse,farmhouse,farmhouse
201_936151d8.jpg,rustic,rustic,rustic,farmhouse
270_b478d734.jpg,rustic,rustic,rustic,rustic
130_3436e91b.jpg,rustic,rustic,rustic,rustic
031_a6f9a9fe.jpg,farmhouse,farmhouse,farmhouse,farmhouse
164_45199ef9.jpg,rustic,rustic,rustic,rustic
442_851fd59a.jpg,farmhouse,rustic,rustic,rustic
011_a7b790e1.jpg,rustic,modern,modern,modern
168_bbf12d12.jpg,rustic,rustic,rustic,rustic
014_716b3285.jpg,rustic,rustic,rustic,rustic
110_e4ef5fba.jpg,modern,modern,modern,modern
038_044565c4.jpg,farmhouse,farmhouse,farmhouse,farmhouse
292_4b1685e4.jpg,modern,modern,modern,modern
435_32929f16.jpg,modern,modern,modern,modern
077_983da0b1.jpg,farmhouse,farmhouse,farmhouse,farmhouse
080_7b525e50.jpg,farmhouse,farmhouse,farmhouse,modern
052_f4f97004.jpg,rustic,rustic,rustic,rustic
194_a66427af.jpg,rustic,rustic,rustic,rustic
098_b914588c.jpg,farmhouse,modern,modern,modern
112_e6cb24b4.jpg,modern,modern,modern,modern
060_26c18ddf.jpg,rustic,rustic,rustic,rustic
367_e6f4bc5f.jpg,modern,modern,modern,modern
037_142f03a5.jpg,modern,modern,modern,modern
390_96bba0de.jpg,farmhouse,rustic,farmhouse,farmhouse
291_87a33ca7.jpg,farmhouse,farmhouse,farmhouse,farmhouse
366_6a85a605.jpg,modern,modern,modern,modern
152_adcaf5f9.jpg,modern,modern,modern,modern
502_7bcfd88b.jpg,modern,modern,modern,modern
307_013df7f7.jpg,modern,modern,modern,modern
362_3049212d.jpg,farmhouse,farmhouse,modern,modern
142_ca3ad033.jpg,modern,modern,modern,modern
128_841a4e49.jpg,rustic,rustic,rustic,rustic
478_391a1d5b.jpg,farmhouse,farmhouse,farmhouse,farmhouse
376_3473d618.jpg,farmhouse,farmhouse,modern,modern
477_5cdcd6bf.jpg,modern,modern,modern,modern
423_3f910695.jpg,modern,modern,modern,modern
029_8907a574.jpg,modern,modern,modern,modern
079_3da41703.jpg,rustic,rustic,rustic,rustic
109_9fb25602.jpg,rustic,rustic,rustic,rustic
411_8dfd0fc1.jpg,farmhouse,farmhouse,modern,modern
297_e9c8dc5c.jpg,farmhouse,rustic,rustic,farmhouse
