filename,label,text
261_ccb6d637.jpg,modern,"A two-story house with brick, wood, and glass elements, featuring a gabled roof, exposed beams, large windows, and minimalist geometric forms."
516_8a0a07fe.jpg,modern,"A multi-level house with concrete, stone, and glass elements, featuring minimalist geometric forms, exposed beams, large windows, and a flat roof."
410_c797b13e.jpg,farmhouse,"A single-story house with brick walls, a gabled roof, a wooden porch, and large windows."
061_6d3934bf.jpg,rustic,"Stone and wood exterior with a gabled roof, large glass doors, a porch, and a chimney."
290_13009e8e.jpg,modern,"A stone and wood facade with minimalist geometric forms, a flat roof, and a glass balcony."
022_51c78928.jpg,farmhouse,"White siding, gabled roof, porch with black railing, large windows, and exposed beams."
326_9bf095c2.jpg,farmhouse,"A wooden house with a gabled roof, a porch supported by exposed beams, and large windows."
125_b3f68f40.jpg,farmhouse,"White shiplap siding, gabled roof, large glass windows, and a minimalist porch with exposed beams."
160_392e08da.jpg,rustic,"A stucco house with terracotta roof tiles, exposed beams, large windows, and a balcony."
260_475e7e6d.jpg,farmhouse,"A white house with dark stone accents, gabled roof, large windows, and exposed beams."
067_6de6b577.jpg,rustic,"A house with stone foundation, wood siding, a gabled roof, a porch, exposed beams, and large windows."
403_e82c5ecc.jpg,modern,"A two-story house with concrete and glass elements, flat roof, minimalist geometric forms, and a large windowed porch."
429_2a2e0632.jpg,farmhouse,"A red wooden house with a gabled roof, large windows, and a porch supported by exposed beams."
168_bbf12d12.jpg,rustic,"A wooden house with stone foundation, gabled roof, large glass windows, and a porch."
179_df3d3b6f.jpg,farmhouse,"A dark gray siding house with a gabled roof, a stone chimney, a covered porch, and large windows."
007_64a3e2e9.jpg,modern,"A two-story house with stone facade, large glass windows, concrete steps, and minimalist geometric forms."
066_06e190f9.jpg,farmhouse,"White wood siding, gabled roof, covered porch with white railings, and exposed beams."
133_91a1133a.jpg,rustic,"A stone and wood house with a gabled roof, large windows, a porch, and exposed beams."
082_40db5260.jpg,rustic,"A log cabin with stone chimney, exposed beams, gabled roof, and large windows."
234_25b7959b.jpg,rustic,"Wooden beams, stone foundations, and large glass windows frame a gabled roof with exposed beams and a minimalist geometric design."
132_8e5fa493.jpg,rustic,"A wooden house with a gabled roof, stone pillars, a porch, and exposed beams."
018_7868b4d7.jpg,modern,"Concrete and stone walls, glass balcony, minimalist geometric forms, large windows, and a flat roof."
190_48347536.jpg,farmhouse,"A stucco house with a gabled roof, exposed beams, large windows, a porch, and a chimney."
084_0ad0b5c6.jpg,farmhouse,"White siding, gabled roof, black-framed windows, and a covered porch with exposed beams."
156_55935f6b.jpg,rustic,"A wooden cabin with stone foundation, gabled roof, exposed beams, and large windows, featuring a porch and chimney."
035_6e7ff66b.jpg,rustic,"Wooden beams, stone pillars, and a gabled roof with exposed beams and a chimney."
411_8dfd0fc1.jpg,farmhouse,"A beige house with stone foundation, gabled roof, large windows, and a covered porch."
052_46fd81f7.jpg,modern,"A minimalist house with concrete, stone, and glass elements, featuring a flat roof, large windows, and exposed beams."
055_55fbf3ef.jpg,farmhouse,"A white house with wood beams, a gabled roof, a covered porch, and large windows."
197_e5ae9352.jpg,modern,"A minimalist house with concrete walls, flat roof, large glass windows, and exposed beams."
391_70f32c5f.jpg,farmhouse,"A wooden house with stone chimney, gabled roof, exposed beams, large windows, and a covered porch."
208_78b28f8b.jpg,farmhouse,"A white house with a gabled roof, a covered porch supported by columns, and exposed beams."
307_013df7f7.jpg,modern,"A white concrete house with minimalist geometric forms, large glass windows, a flat roof, and a balcony."
382_baa9260f.jpg,farmhouse,"White siding, stone facade, glass doors, gabled roof, covered porch, exposed beams, large windows, minimalist geometric forms."
445_9322b45c.jpg,farmhouse,"Stone and concrete facade with arched windows, a central glass door, a stone staircase, and a gabled roof."
278_a6f8ead0.jpg,farmhouse,"A white-sided house with a gabled roof, exposed wooden beams, a stone porch, and large glass windows."
037_142f03a5.jpg,modern,"A two-story house with concrete siding, wood paneling, glass windows, a flat roof, and minimalist geometric forms featuring a large porch and exposed beams"
124_335423e9.jpg,farmhouse,"A white-sided house with a gabled roof, a covered porch, and exposed beams."
058_7f8c2954.jpg,rustic,"Stone and wood exterior with gabled roof, exposed beams, large windows, and a covered porch."
290_e23ee2b6.jpg,farmhouse,"A wooden house with a gabled roof, large glass windows, and exposed beams."
029_8907a574.jpg,modern,"A two-story house with wood siding, concrete pillars, glass windows, a flat roof, and minimalist geometric forms."
175_d61edc30.jpg,rustic,"A stone and wood structure with a gabled roof, exposed beams, and a large porch."
360_96bf2f72.jpg,modern,"A multi-level house with wood siding, concrete, and glass, featuring minimalist geometric forms, large windows, and an exposed beam structure."
174_55a7b3f9.jpg,rustic,"Stone and wood structure with gabled roof, exposed beams, large windows, and balconies."
088_925727df.jpg,rustic,"A stone and wood house with a flat roof, exposed beams, large glass windows, and a minimalist geometric design."
183_d70e91a3.jpg,modern,"A white house with concrete foundation, glass windows, a flat roof, and minimalist geometric forms featuring a large front porch and exposed beams."
415_4b0724cb.jpg,farmhouse,"Wooden porch with exposed beams, stone steps, and a gabled roof."
109_9fb25602.jpg,rustic,"A wooden-sided house with a gabled roof, stone foundation, exposed beams, large glass doors, and a chimney."
069_97ead5a1.jpg,farmhouse,"White brick house with gabled roof, large windows, and a central porch."
037_326d0815.jpg,rustic,"A wooden house with a gabled roof, exposed beams, large windows, a porch, and a chimney."
202_9b6c0f24.jpg,modern,"A minimalist geometric house with concrete, glass, and dark siding, featuring exposed beams, large windows, and a flat roof."
102_18dd749d.jpg,modern,"A two-story house with wood siding, concrete walls, a flat roof, large glass windows, and minimalist geometric forms."
031_d4da03e3.jpg,modern,"A multi-level house with wood siding, stone pillars, glass windows, and minimalist geometric forms, featuring a flat roof and exposed beams."
045_9fea1e51.jpg,rustic,"A wooden log cabin with stone foundation, gabled roof, exposed beams, large windows, and a chimney, built on a dock."
330_ce3240c7.jpg,modern,"A sleek, minimalist house with concrete and glass panels, flat roof, large windows, and exposed beams."
390_96bba0de.jpg,farmhouse,"Wooden porch with exposed beams, stone steps, and a gabled roof."
380_816941b6.jpg,modern,"A wooden structure with glass walls, a gabled roof, and exposed beams, featuring a large porch and minimalist geometric forms."
220_22baf061.jpg,farmhouse,"A white-sided house with a gabled roof, large glass windows, a covered porch, and exposed beams."
187_f9d3cf18.jpg,rustic,"A wooden, stone, and glass house with a gabled roof, exposed beams, large windows, a chimney, and a porch."
203_686226e0.jpg,modern,"A minimalist house with stone walls, wood accents, glass windows, a flat roof, and exposed beams."
095_3cbc2895.jpg,modern,"A two-story house with wood siding, concrete foundation, glass windows, a flat roof, and minimalist geometric forms featuring a large porch and exposed beams."
096_0dc661af.jpg,rustic,"A stone and wood house with a gabled roof, exposed beams, a large window, and a covered porch."
502_7bcfd88b.jpg,modern,"A two-story house with stone and wood cladding, flat roof, large windows, and minimalist geometric forms."
523_4d21f920.jpg,modern,"A minimalist geometric structure with concrete walls, flat roofs, large glass windows, and a central circular pool."
135_f800cb93.jpg,modern,"A two-story house with wood siding, stone accents, glass railings, a flat roof, exposed beams, a large front porch, and minimalist geometric"
336_f92dd1e1.jpg,modern,"A minimalist geometric house with wood siding, glass walls, concrete foundation, and a flat roof, featuring exposed beams and a large central window."
432_81c52798.jpg,modern,"A multi-level structure with glass facades, concrete pillars, and minimalist geometric forms, featuring a flat roof and large windows."
124_2360e50d.jpg,rustic,"A wooden house with a gabled roof, large red-framed windows, a stone porch, and exposed beams."
256_cddf3c8b.jpg,modern,"A two-story house with concrete walls, glass windows, a flat roof, and minimalist geometric forms featuring exposed beams and a small porch."
245_579b3304.jpg,modern,"A minimalist geometric house with concrete, wood, and glass elements, featuring a flat roof, exposed beams, large windows, and a minimalist design."
069_d3bedc1f.jpg,rustic,"A wooden house with a gabled roof, stone steps, a porch, and exposed beams."
109_e1b4cdd0.jpg,farmhouse,"A two-story house with stone and wood siding, a gabled roof, a chimney, large windows, and a minimalist porch."
088_09d0b4ac.jpg,modern,"A minimalist house with concrete, stone, and glass elements, featuring flat roofs, large windows, and exposed beams."
206_9b5a908f.jpg,farmhouse,"White siding, gabled roof, covered porch with white beams, large windows, and minimal geometric forms."
087_24c73d10.jpg,rustic,"A dark wood house with a gabled roof, exposed beams, a porch, and two chimneys."
157_6ebe0389.jpg,farmhouse,"A brick house with a gabled roof, dormer windows, a porch, and a chimney."
011_cc99985c.jpg,farmhouse,"A white house with wood beams, a gabled roof, a porch, large windows, and exposed beams."
141_c25d35de.jpg,farmhouse,"A two-story house with wood shingles, stone foundation, a gabled roof, a covered porch, and large windows."
002_8cdb5424.jpg,rustic,"A stone and wood house with a gabled roof, large windows, a porch, and exposed beams."
388_aa0bd42a.jpg,farmhouse,"A beige house with stone foundation, gabled roof, large windows, and a covered porch."
177_4cc50260.jpg,rustic,"A stone and wood house with a gabled roof, large windows, a porch, and exposed beams."
021_25ad37e4.jpg,farmhouse,"White siding, gabled roof, porch with white railings, stone chimney, large windows, and exposed beams."
315_59373113.jpg,modern,"A house with wood siding, concrete, and glass, featuring a gabled roof, exposed beams, large windows, and minimalist geometric forms."
297_e9c8dc5c.jpg,farmhouse,"A stone and wood house with a gabled roof, a central porch, and exposed beams."
125_743047fb.jpg,rustic,"A dark wood house with a gabled roof, exposed beams, a porch, and two chimneys."
093_94e91f0f.jpg,modern,"A two-story house with stone pillars, glass windows, a gabled roof, and a minimalist design featuring exposed beams and a large front porch."
073_3528262c.jpg,farmhouse,"White wood siding, gabled roof, covered porch with exposed beams and large windows."
128_841a4e49.jpg,rustic,"Stone facade, gabled roof, arched entry, large windows, and exposed beams."
020_616a995d.jpg,farmhouse,"White siding, gabled roof, exposed beams, large windows, and a covered porch."
150_5242cddc.jpg,farmhouse,"A white two-story house with brick foundation, gabled roof, wooden porch, exposed beams, large windows, and a chimney."
273_95a29a86.jpg,farmhouse,"A two-story house with stone and wood siding, a gabled roof, exposed beams, large windows, a porch, and a chimney."
390_11ee4c44.jpg,modern,"A multi-level structure with glass facades, concrete pillars, and minimalist geometric forms, featuring a flat roof and large windows."
060_26c18ddf.jpg,rustic,"A wooden house with stone foundation, gabled roof, large windows, and a chimney."
474_ebf934b6.jpg,modern,"A two-story house with wood paneling, concrete walls, glass windows, a flat roof, and minimalist geometric forms featuring a porch and exposed beams."
158_0e3358fe.jpg,rustic,"A wooden structure with stone foundations, a gabled roof, large windows, a porch, exposed beams, and a chimney."
163_de1fdac4.jpg,rustic,"A log cabin with a gabled roof, large glass windows, and a stone chimney."
092_0cd80084.jpg,rustic,"A wooden house with a gabled roof, a porch supported by exposed beams, and a stone foundation."
180_ea16e99b.jpg,rustic,"Wood shingles, exposed beams, a gabled roof, and large windows."
030_9c171c4b.jpg,rustic,"A stone and wood house with gabled roofs, large glass windows, a chimney, and exposed beams."
186_464b5bb4.jpg,modern,"A two-story house with stone, wood, and concrete materials, featuring minimalist geometric forms, large glass windows, a flat roof, and an exposed beam"
314_b662db80.jpg,rustic,"Stone and tile exterior with arched windows, a gabled roof, a chimney, and a covered porch."
367_e6f4bc5f.jpg,modern,"A minimalist house with concrete and glass, flat roof, large windows, and exposed beams."
294_3260f65d.jpg,modern,"A stone and wood structure with minimalist geometric forms, large glass windows, a flat roof, and an exposed beam porch."
091_1e37e2fa.jpg,rustic,"A wooden house with a gabled roof, stone foundation, exposed beams, a large porch, and minimal geometric forms."
284_404c75b4.jpg,rustic,"A brick and wood house with a gabled roof, large windows, a porch, and exposed beams."
014_459a0075.jpg,farmhouse,"White siding, gabled roof, porch with columns, large windows, and exposed beams."
058_a50b945b.jpg,modern,"A minimalist geometric house with stone and wood cladding, flat roof, large glass windows, and exposed beams."
197_3ef925ed.jpg,rustic,"A dark wood-sided house with a gabled roof, stone chimney, and minimalist geometric forms."
172_f807dd8b.jpg,rustic,"A stone-built house with a gabled roof, large windows, a small porch, and exposed beams."
447_0ffa8cdd.jpg,modern,"A multi-level house with concrete, wood, and glass elements, featuring minimalist geometric forms, large windows, a flat roof, and an exposed beam structure"
433_bbc9b081.jpg,farmhouse,"A black-painted metal-sided house with a gabled roof, exposed beams, large glass windows, and a stone foundation."
440_7bcf9e9c.jpg,farmhouse,"A red wooden shed with a gabled roof, white siding, double doors, and a small porch."
